time,coin,dir,px,sz,ntl,fee,closedPnl
6/27/2026 - 14:11:28,HYPE,Open Long,61.62,0.24,14.788799999999998,0.006654,-0.006654
6/27/2026 - 14:12:13,HYPE,Close Long,60.88,0.24,14.6112,0.006575,-0.184175
6/27/2026 - 14:53:01,BTC,Open Long,60002,0.0083,498.0166,0.224107,-0.224107
6/27/2026 - 15:05:01,BTC,Open Long,60208,0.0083,499.7264,0.224876,-0.224876
6/27/2026 - 15:21:29,BTC,Close Long,60332,0.0083,500.7556,0.075113,1.8089870000000001
6/27/2026 - 15:35:15,BTC,Open Long,60213,0.00118,71.05134000000001,0.010657,-0.010657
6/27/2026 - 15:36:32,BTC,Open Long,60213,0.00712,428.71655999999996,0.064307,-0.064307
6/27/2026 - 15:42:01,BTC,Open Long,60174,0.0083,499.4442,0.224749,-0.224749
6/27/2026 - 16:05:01,BTC,Open Long,60265.4096385542,0.0166,1000.4057999999998,0.450182,-0.450182
6/27/2026 - 16:45:03,BTC,Open Long,59993,0.00018,10.79874,0.001619,-0.001619
6/27/2026 - 16:45:08,BTC,Open Long,59993,0.00102,61.19286,0.009178,-0.009178
6/27/2026 - 16:45:24,BTC,Open Long,59993,0.00055,32.99615,0.004949,-0.004949
6/27/2026 - 16:46:39,BTC,Open Long,59993,0.00055,32.99615,0.004949,-0.004949
6/27/2026 - 16:46:55,BTC,Open Long,59993,0.00325,194.97725,0.029246,-0.029246
6/27/2026 - 16:47:59,BTC,Open Long,59993,0.00032,19.197760000000002,0.002879,-0.002879
6/27/2026 - 16:48:46,BTC,Open Long,59993,0.0024,143.98319999999998,0.021597,-0.021597
6/27/2026 - 16:49:36,BTC,Open Long,59993,0.00003,1.79979,0.000269,-0.000269
6/27/2026 - 16:54:02,BTC,Open Long,60000,0.0083,498,0.2241,-0.2241
6/27/2026 - 17:14:01,BTC,Open Long,60000,0.0167,1002,0.4509,-0.4509
6/27/2026 - 18:11:36,BTC,Open Long,59983,0.00055,32.99065,0.004948,-0.004948
6/27/2026 - 18:12:05,BTC,Open Long,59983,0.00033,19.79439,0.002969,-0.002969
6/27/2026 - 18:13:15,BTC,Open Long,59983,0.00238,142.75954000000002,0.021413,-0.021413
6/27/2026 - 18:16:32,BTC,Open Long,59983,0.00055,32.99065,0.004948,-0.004948
6/27/2026 - 18:17:51,BTC,Open Long,59983,0.00033,19.79439,0.002969,-0.002969
6/27/2026 - 18:17:52,BTC,Open Long,59983,0.0003,17.994899999999998,0.002699,-0.002699
6/27/2026 - 18:17:53,BTC,Open Long,59983,0.00029,17.39507,0.002609,-0.002609
6/27/2026 - 18:18:01,BTC,Open Long,59983,0.00033,19.79439,0.002969,-0.002969
6/27/2026 - 18:19:23,BTC,Open Long,59983,0.00238,142.75954000000002,0.021413,-0.021413
6/27/2026 - 18:19:43,BTC,Open Long,59983,0.00055,32.99065,0.004948,-0.004948
6/27/2026 - 18:20:05,BTC,Open Long,59983,0.0025,149.9575,0.022493,-0.022493
6/27/2026 - 18:20:20,BTC,Open Long,59983,0.002,119.96600000000001,0.017994,-0.017994
6/27/2026 - 18:21:12,BTC,Open Long,59983,0.00055,32.99065,0.004948,-0.004948
6/27/2026 - 18:22:27,BTC,Open Long,59983,0.00055,32.99065,0.004948,-0.004948
6/27/2026 - 18:22:37,BTC,Open Long,59983,0.00238,142.75954000000002,0.021413,-0.021413
6/27/2026 - 18:22:41,BTC,Open Long,59983,0.00017,10.19711,0.001529,-0.001529
6/27/2026 - 18:25:28,BTC,Open Long,59983,0.00055,32.99065,0.004948,-0.004948
6/27/2026 - 18:25:52,BTC,Open Long,59983,0.00001,0.5998300000000001,0.000089,-0.000089
6/27/2026 - 20:36:47,BTC,Close Long,59633.0175956284,0.0915,5456.421109999998,2.455372,-44.177761999999994
6/27/2026 - 21:26:34,BTC,Open Long,59597,0.00167,99.52699,0.014929,-0.014929
6/27/2026 - 21:26:42,BTC,Close Long,59565,0.00167,99.47355,0.044762,-0.09820200000000001
6/27/2026 - 21:27:43,BTC,Open Long,59565,0.00167,99.47355,0.014921,-0.014921
6/27/2026 - 21:27:52,BTC,Close Long,59514.1137724551,0.00167,99.38857000000002,0.044724,-0.12970399999999999
6/27/2026 - 21:55:52,BTC,Open Short,60083,0.00038,22.83154,0.003424,-0.003424
6/27/2026 - 21:56:06,BTC,Open Short,60083,0.00128,76.90624000000001,0.011535,-0.011535
6/27/2026 - 21:56:10,BTC,Close Short,60107.921686747,0.00166,99.77915000000003,0.0449,-0.08627
6/27/2026 - 22:17:16,BTC,Open Long,59913,0.00083,49.72779,0.007459,-0.007459
6/27/2026 - 22:17:21,BTC,Close Long,59764,0.00083,49.60412,0.022321,-0.145991
6/27/2026 - 22:19:14,BTC,Open Long,59596.9759036145,0.00083,49.46549000000003,0.022258,-0.022258
6/27/2026 - 22:19:17,BTC,Open Long,59622,0.00084,50.082480000000004,0.007512,-0.007512
6/27/2026 - 22:19:23,BTC,Close Long,59394.3952095808,0.00167,99.18863999999994,0.044634,-0.403859
6/27/2026 - 23:55:34,BTC,Open Short,60065,0.00166,99.7079,0.014956,-0.014956
6/28/2026 - 01:55:45,BTC,Close Short,60083,0.00166,99.73778,0.044882,-0.074762
6/28/2026 - 02:52:34,BTC,Open Long,59758,0.00152,90.83216,0.013624,-0.013624
6/28/2026 - 03:02:34,BTC,Close Long,59358,0.00152,90.22416000000001,0.0406,-0.6486
6/28/2026 - 03:03:13,BTC,Open Long,59355,0.00168,99.71640000000001,0.014957,-0.014957
6/28/2026 - 03:49:35,BTC,Close Long,59624,0.00084,50.084160000000004,0.007512,0.218448
6/28/2026 - 03:52:47,BTC,Close Long,59893,0.00084,50.310120000000005,0.007546,0.444374
6/28/2026 - 03:53:11,BTC,Open Short,59864.7005988024,0.00167,99.97405000000002,0.044987,-0.044987
6/28/2026 - 04:45:02,BTC,Close Short,59565,0.00083,49.43895,0.007415,0.241336
6/28/2026 - 05:28:40,BTC,Close Short,59265,0.00084,49.7826,0.007467,0.49628099999999997
6/28/2026 - 05:30:28,BTC,Open Long,59117,0.00169,99.90773,0.014986,-0.014986
6/28/2026 - 05:42:10,BTC,Close Long,59428,0.00084,49.91952,0.007487,0.253753
6/28/2026 - 07:05:00,BTC,Close Long,59739,0.00085,50.77815,0.007616,0.521084
6/28/2026 - 07:20:02,BTC,Open Short,59884,0.0008,47.9072,0.021558,-0.021558
6/28/2026 - 08:35:31,BTC,Close Short,59911.2,0.0008,47.92896,0.021567,-0.043327000000000004
6/28/2026 - 11:43:40,BTC,Open Long,59332,0.00054,32.03928,0.004805,-0.004805
6/28/2026 - 11:43:44,BTC,Open Long,59332,0.00053,31.44596,0.004716,-0.004716
6/28/2026 - 12:24:20,BTC,Close Long,59142,0.00107,63.28194,0.028476,-0.231776
6/28/2026 - 12:24:41,BTC,Open Long,59156.6187092954,0.01689,999.1552899999992,0.449617,-0.449617
6/28/2026 - 12:30:27,BTC,Close Long,58991.6050917703,0.01689,996.3682100000003,0.448365,-3.2351289999999997
6/28/2026 - 13:01:13,BTC,Open Short,59397,0.00089,52.86333,0.007929,-0.007929
6/28/2026 - 15:02:37,BTC,Close Short,59612,0.00089,53.05468,0.023874,-0.215224
6/28/2026 - 15:13:07,BTC,Open Long,59080,0.00169,99.8452,0.044929,-0.044929
6/28/2026 - 15:15:24,BTC,Close Long,59342,0.00084,49.847280000000005,0.007477,0.212603
6/28/2026 - 15:15:30,BTC,Close Long,60000,0.00085,51,0.02295,0.75905
6/28/2026 - 17:05:12,BTC,Open Long,59528,0.00083,49.40824,0.00741,-0.00741
6/28/2026 - 17:47:48,BTC,Close Long,59939,0.00041,24.57499,0.003686,0.164824
6/28/2026 - 19:34:34,BTC,Close Long,58977,0.00042,24.77034,0.011146,-0.24256599999999998
6/28/2026 - 20:02:15,ETH,Open Long,1580.6771329169,1.2647,1999.0823700000035,0.899584,-0.899584
6/28/2026 - 20:31:27,ETH,Close Long,1583.8,0.6323,1001.4367399999999,0.150215,1.828884
6/28/2026 - 20:32:20,ETH,Close Long,1584.2151802657,0.6324,1001.8576800000286,0.450833,1.791139
6/28/2026 - 20:55:11,BTC,Open Long,58982,0.00181,106.75742,0.016013,-0.016013
6/28/2026 - 20:55:17,BTC,Open Long,58982,0.00029,17.10478,0.002565,-0.002565
6/28/2026 - 20:55:17,BTC,Open Long,58982,0.00022,12.976040000000001,0.001946,-0.001946
6/28/2026 - 20:55:45,BTC,Open Long,58982,0.00029,17.10478,0.002565,-0.002565
6/28/2026 - 20:55:46,BTC,Open Long,58982,0.00022,12.976040000000001,0.001946,-0.001946
6/28/2026 - 21:02:13,BTC,Close Long,59100,0.00141,83.331,0.012499,0.153881
6/28/2026 - 21:02:24,ETH,Open Long,1582.2,0.021,33.226200000000006,0.004983,-0.004983
6/28/2026 - 21:19:41,ETH,Close Long,1585.4,0.0105,16.646700000000003,0.002497,0.031103
6/28/2026 - 21:19:49,ETH,Close Long,1588.5,0.0105,16.67925,0.002501,0.063649
6/28/2026 - 22:33:41,BTC,Close Long,59100,0.00015,8.864999999999998,0.001329,0.016371
6/28/2026 - 22:38:02,ETH,Open Long,1583.6,0.5471,866.38756,0.389874,-0.389874
6/28/2026 - 22:54:54,BTC,Close Long,59100,0.00127,75.057,0.011258,0.138602
6/28/2026 - 23:09:30,ETH,Close Long,1579.0508864924,0.5471,863.898739999992,0.388753,-2.877573
6/28/2026 - 23:26:16,ETH,Open Long,1577.1333780267,1.2679,1999.647410000053,0.899839,-0.899839
6/28/2026 - 23:34:03,ETH,Close Long,1573.8250591576,1.2678,1995.2954100000054,0.897882,-5.087886
6/28/2026 - 23:34:09,ETH,Close Long,1573.8,0.0001,0.15738,0.00007,-0.00040300000000000004
6/28/2026 - 23:34:16,ETH,Open Long,1573.9,0.4204,661.66756,0.29775,-0.29775
6/28/2026 - 23:34:25,ETH,Open Long,1574.2,0.85,1338.07,0.20071,-0.20071
6/28/2026 - 23:43:45,ETH,Close Long,1570.1363035264,1.2704,1994.7011599999387,0.897609,-5.933089
6/29/2026 - 00:02:22,BTC,Open Long,58935,0.00028,16.5018,0.002475,-0.002475
6/29/2026 - 00:34:36,BTC,Close Long,58859,0.00028,16.48052,0.007416,-0.028696
6/29/2026 - 00:36:14,ETH,Open Long,1568.4543820873,1.0406,1632.1336300000444,0.734457,-0.734457
6/29/2026 - 00:36:39,ETH,Open Long,1568.8,0.2342,367.41296,0.055111,-0.055111
6/29/2026 - 00:44:10,ETH,Close Long,1571.7,0.0318,49.98006,0.007497,0.093945
6/29/2026 - 00:46:49,ETH,Close Long,1571.7,0.011,17.2887,0.002593,0.032497000000000005
6/29/2026 - 00:46:53,ETH,Close Long,1571.7,0.5946,934.53282,0.140179,1.756595
6/29/2026 - 00:58:16,ETH,Close Long,1574.8,0.0954,150.23592,0.022535,0.577531
6/29/2026 - 00:58:17,ETH,Close Long,1574.8,0.1328,209.13344,0.03137,0.803942
6/29/2026 - 01:01:41,ETH,Close Long,1574.8,0.314,494.4872,0.074173,1.900887
6/29/2026 - 01:01:45,ETH,Close Long,1574.8,0.0952,149.92096,0.022488,0.57632
6/29/2026 - 01:21:11,ETH,Open Long,1573.6915419297,0.5545,872.6119600000186,0.392672,-0.392672
6/29/2026 - 01:53:27,ETH,Close Long,1573.6014427412,0.5545,872.5619999999954,0.392651,-0.441756
6/29/2026 - 02:06:12,BTC,Open Long,58386.7717842324,0.00482,281.4242400000001,0.12664,-0.12664
6/29/2026 - 02:06:21,BTC,Open Long,58392,0.00627,366.11784,0.054912,-0.054912
6/29/2026 - 02:06:24,BTC,Open Long,58392,0.0002,11.6784,0.001751,-0.001751
6/29/2026 - 02:06:33,BTC,Open Long,58392,0.00348,203.20416,0.03048,-0.03048
6/29/2026 - 02:06:35,BTC,Open Long,58392,0.01712,999.67104,0.14995,-0.14995
6/29/2026 - 02:06:48,BTC,Open Long,58392,0.00236,137.80512000000002,0.02067,-0.02067
6/29/2026 - 02:18:16,BTC,Close Long,58508,0.0094,549.9752,0.082496,1.015424
6/29/2026 - 02:18:19,BTC,Close Long,58508,0.00772,451.68176,0.067752,0.833944
6/29/2026 - 02:27:24,BTC,Close Long,58625,0.01713,1004.2462499999999,0.150636,3.854358
6/29/2026 - 02:28:05,BTC,Open Short,58667,0.00075,44.00025,0.0066,-0.0066
6/29/2026 - 02:28:16,BTC,Open Short,58667,0.00163,95.62720999999999,0.014344,-0.014344
6/29/2026 - 02:28:22,BTC,Open Short,58667,0.00021,12.320070000000001,0.001848,-0.001848
6/29/2026 - 02:40:04,BTC,Close Short,58550,0.00129,75.5295,0.011329,0.139601
6/29/2026 - 02:41:50,BTC,Close Short,58432,0.0013,75.96159999999999,0.011394,0.294106
6/29/2026 - 02:47:09,ETH,Open Long,1566.5,1.026,1607.229,0.723252,-0.723252
6/29/2026 - 02:47:13,ETH,Open Long,1566.6,0.219,343.0854,0.051462,-0.051462
6/29/2026 - 02:47:28,ETH,Open Long,1566.6,0.0316,49.504560000000005,0.007425,-0.007425
6/29/2026 - 02:47:46,ETH,Close Long,1561.4433260222,1.2766,1993.3385499999404,0.897,-7.365116
6/29/2026 - 03:46:35,ETH,Open Long,1574.6,0.0122,19.21012,0.002881,-0.002881
6/29/2026 - 04:17:30,ETH,Close Long,1572.5655737705,0.0122,19.1853000000001,0.008633,-0.033453
6/29/2026 - 04:48:10,ETH,Open Long,1569.4,0.7559,1186.3094600000002,0.177946,-0.177946
6/29/2026 - 04:48:11,ETH,Open Long,1569.4,0.0212,33.271280000000004,0.00499,-0.00499
6/29/2026 - 04:48:14,ETH,Open Long,1569.4,0.3742,587.26948,0.08809,-0.08809
6/29/2026 - 04:48:14,ETH,Open Long,1569.4,0.123,193.0362,0.028955,-0.028955
6/29/2026 - 04:49:49,ETH,Close Long,1564.4265479087,1.2743,1993.5487500000565,0.897091,-7.234761
6/29/2026 - 04:52:01,BTC,Open Long,58190,0.00029,16.8751,0.002531,-0.002531
6/29/2026 - 05:23:32,BTC,Close Long,58486,0.00029,16.96094,0.007632,0.078208
6/29/2026 - 05:48:11,BTC,Open Short,58634,0.00003,1.75902,0.000263,-0.000263
6/29/2026 - 05:49:12,BTC,Open Short,58634,0.00019,11.140460000000001,0.001671,-0.001671
6/29/2026 - 06:19:28,BTC,Close Short,58513,0.00022,12.872860000000001,0.005792,0.020828
6/29/2026 - 07:00:21,ETH,Open Long,1574.1,0.6342,998.2942199999999,0.149744,-0.149744
6/29/2026 - 07:00:21,ETH,Open Long,1574.1,0.001,1.5740999999999998,0.000236,-0.000236
6/29/2026 - 07:01:55,ETH,Close Long,1568.9125157431,0.6352,996.573230000017,0.448457,-3.743547
6/29/2026 - 07:15:15,BTC,Open Short,58529.8349514563,0.00206,120.57145999999999,0.04741,-0.04741
6/29/2026 - 07:15:18,BTC,Open Short,58512,0.00038,22.234560000000002,0.003335,-0.003335
6/29/2026 - 07:15:25,BTC,Open Short,58512,0.00322,188.40864000000002,0.028261,-0.028261
6/29/2026 - 07:15:29,BTC,Open Short,58512,0.00021,12.28752,0.001843,-0.001843
6/29/2026 - 07:15:58,BTC,Open Short,58512,0.00076,44.469120000000004,0.00667,-0.00667
6/29/2026 - 07:16:00,BTC,Open Short,58512,0.001,58.512,0.008776,-0.008776
6/29/2026 - 07:25:43,BTC,Close Short,58667.9475753604,0.00763,447.6364399999998,0.201435,-1.354691
6/29/2026 - 08:11:05,BTC,Open Long,58342,0.00089,51.92438,0.007788,-0.007788
6/29/2026 - 08:11:39,BTC,Open Long,58342,0.00218,127.18556000000001,0.019077,-0.019077
6/29/2026 - 08:12:40,BTC,Open Long,58342,0.00513,299.29446,0.044894,-0.044894
6/29/2026 - 08:12:43,BTC,Open Long,58342,0.00171,99.76482,0.014964,-0.014964
6/29/2026 - 08:12:56,BTC,Open Long,58342,0.0002,11.6684,0.00175,-0.00175
6/29/2026 - 08:13:00,BTC,Open Long,58342,0.001,58.342,0.008751,-0.008751
6/29/2026 - 08:28:22,BTC,Close Long,58459,0.00555,324.44745,0.048667,0.600683
6/29/2026 - 08:43:19,BTC,Close Long,58317,0.00556,324.24252,0.145909,-0.284909
6/29/2026 - 09:34:31,BTC,Open Short,58823,0.00053,31.17619,0.004676,-0.004676
6/29/2026 - 09:34:51,BTC,Open Short,58823,0.00076,44.70548,0.006705,-0.006705
6/29/2026 - 09:34:53,BTC,Open Short,58823,0.00066,38.82318,0.005823,-0.005823
6/29/2026 - 09:35:01,BTC,Open Short,58823,0.0032,188.2336,0.028235,-0.028235
6/29/2026 - 09:36:02,BTC,Open Short,58823,0.0013,76.4699,0.01147,-0.01147
6/29/2026 - 09:38:13,BTC,Close Short,58705,0.00322,189.0301,0.028354,0.35160600000000003
6/29/2026 - 09:50:38,BTC,Close Short,58588,0.00323,189.23924,0.028385,0.730665
6/29/2026 - 09:51:07,BTC,Open Long,58420,0.00325,189.86499999999998,0.085439,-0.085439
6/29/2026 - 09:51:08,BTC,Open Long,58420,0.00171,99.8982,0.014984,-0.014984
6/29/2026 - 09:51:19,BTC,Open Long,58420,0.00033,19.2786,0.002891,-0.002891
6/29/2026 - 09:51:24,BTC,Open Long,58420,0.00032,18.6944,0.002804,-0.002804
6/29/2026 - 09:51:28,BTC,Open Long,58420,0.002,116.84,0.017526,-0.017526
6/29/2026 - 09:51:38,BTC,Open Long,58420,0.00088,51.409600000000005,0.007711,-0.007711
6/29/2026 - 09:52:13,BTC,Open Long,58420,0.001,58.42,0.008763,-0.008763
6/29/2026 - 09:52:32,BTC,Open Long,58420,0.00064,37.3888,0.005608,-0.005608
6/29/2026 - 09:52:40,BTC,Open Long,58420,0.00169,98.72980000000001,0.014809,-0.014809
6/29/2026 - 09:53:00,BTC,Open Long,58420,0.00033,19.2786,0.002891,-0.002891
6/29/2026 - 17:15:27,BTC,Close Long,58767.753909465,0.01215,714.0282099999997,0.321311,3.9038989999999996
6/29/2026 - 19:04:00,BTC,Open Short,58684,0.001,58.684000000000005,0.008802,-0.008802
6/29/2026 - 19:04:12,BTC,Open Short,58684,0.00227,133.21268,0.019981,-0.019981
6/29/2026 - 19:04:29,BTC,Close Short,58741.2874617737,0.00327,192.08401,0.086437,-0.273767
6/29/2026 - 19:32:04,BTC,Open Long,58857,0.00232,136.54824,0.020482,-0.020482
6/29/2026 - 19:32:32,BTC,Open Long,58857,0.00033,19.42281,0.002913,-0.002913
6/29/2026 - 19:32:46,BTC,Open Long,58857,0.0171,1006.4547,0.150968,-0.150968
6/29/2026 - 19:33:00,BTC,Open Long,58857,0.001,58.857,0.008828,-0.008828
6/29/2026 - 19:44:00,BTC,Close Long,58750,0.02075,1219.0625,0.548578,-2.768828
6/29/2026 - 20:19:01,BTC,Open Long,58814.2003439381,0.02326,1368.0183000000002,0.615607,-0.615607
6/29/2026 - 20:19:34,BTC,Open Long,58815,0.001,58.815,0.008822,-0.008822
6/29/2026 - 20:20:03,BTC,Open Long,58815,0.00019,11.174850000000001,0.001676,-0.001676
6/29/2026 - 20:30:22,BTC,Close Long,58666.0130879346,0.02445,1434.384020000001,0.645472,-4.268642
6/29/2026 - 20:49:01,BTC,Open Long,59114.7317397078,0.01506,890.2678599999995,0.400615,-0.400615
6/29/2026 - 20:50:00,BTC,Close Long,59174,0.001,59.174,0.008876,0.050424
6/29/2026 - 20:50:07,BTC,Close Long,59174,0.00096,56.80704,0.008521,0.048407
6/29/2026 - 20:50:45,BTC,Close Long,59174,0.00251,148.52674000000002,0.022279,0.126564
6/29/2026 - 20:50:54,BTC,Close Long,59174,0.00306,181.07244,0.02716,0.15429800000000002
6/29/2026 - 20:50:58,BTC,Close Long,59233,0.00337,199.61521000000002,0.029942,0.368729
6/29/2026 - 20:51:00,BTC,Close Long,59233,0.00027,15.99291,0.002398,0.029542999999999996
6/29/2026 - 20:51:04,BTC,Close Long,59233,0.00116,68.71028,0.010306,0.12692199999999998
6/29/2026 - 20:51:06,BTC,Close Long,59233,0.00085,50.34805,0.007552,0.093003
6/29/2026 - 20:51:07,BTC,Close Long,59233,0.00084,49.755720000000004,0.007463,0.091909
6/29/2026 - 20:51:10,BTC,Close Long,59233,0.00033,19.54689,0.002932,0.036107
6/29/2026 - 20:52:00,BTC,Close Long,59233,0.00071,42.05543,0.006308,0.077685
6/29/2026 - 20:52:05,BTC,Open Short,59227,0.03376,1999.50352,0.899776,-0.899776
6/29/2026 - 20:56:18,BTC,Close Short,59168,0.00169,99.99392,0.014999,0.084711
6/29/2026 - 20:57:00,BTC,Close Short,59168,0.001,59.168,0.008875,0.050124999999999996
6/29/2026 - 20:57:05,BTC,Close Short,59168,0.00224,132.53632,0.01988,0.11228
6/29/2026 - 20:57:10,BTC,Close Short,59168,0.00018,10.65024,0.001597,0.009023
6/29/2026 - 20:59:00,BTC,Close Short,59168,0.001,59.168,0.008875,0.050124999999999996
6/29/2026 - 20:59:10,BTC,Close Short,59168,0.00018,10.65024,0.001597,0.009023
6/29/2026 - 20:59:11,BTC,Close Short,59168,0.00139,82.24352,0.012336,0.069674
6/29/2026 - 20:59:23,BTC,Close Short,59168,0.00017,10.05856,0.001508,0.008522
6/29/2026 - 21:00:09,BTC,Close Short,59168,0.00017,10.05856,0.001508,0.008522
6/29/2026 - 21:01:26,BTC,Close Short,59168,0.00886,524.22848,0.078634,0.444106
6/29/2026 - 21:05:22,BTC,Close Short,59109,0.00438,258.89742,0.038834,0.478006
6/29/2026 - 21:05:34,BTC,Close Short,59109,0.0125,738.8625000000001,0.110829,1.364171
6/29/2026 - 21:09:27,BTC,Open Long,58775,0.0005,29.3875,0.004408,-0.004408
6/29/2026 - 21:10:03,BTC,Open Long,58775,0.00019,11.167250000000001,0.001675,-0.001675
6/29/2026 - 21:35:12,BTC,Close Long,58834,0.00001,0.5883400000000001,0.000088,0.0005020000000000001
6/29/2026 - 21:35:22,BTC,Close Long,58834,0.00024,14.12016,0.002118,0.012042
6/29/2026 - 21:35:25,BTC,Close Long,58834,0.00009,5.29506,0.000794,0.004515999999999999
6/29/2026 - 21:40:13,BTC,Close Long,58743.9714285714,0.00035,20.56038999999999,0.009251,-0.020111
6/29/2026 - 21:42:02,BTC,Open Long,58658.1288135593,0.00885,519.1244399999998,0.233604,-0.233604
6/29/2026 - 21:47:35,BTC,Close Long,58717,0.00442,259.52914000000004,0.038929,0.22140900000000002
6/29/2026 - 21:47:39,BTC,Close Long,58845.5566037736,0.00106,62.37629000000001,0.028068,0.17063599999999998
6/29/2026 - 21:47:46,BTC,Close Long,58775,0.00337,198.07175,0.02971,0.364243
6/29/2026 - 21:52:11,BTC,Open Short,58946,0.00001,0.5894600000000001,0.000088,-0.000088
6/29/2026 - 21:52:14,BTC,Open Short,58946,0.00001,0.5894600000000001,0.000088,-0.000088
6/29/2026 - 22:07:04,BTC,Close Short,58903,0.00002,1.17806,0.00053,0.00033
6/29/2026 - 22:28:32,BTC,Open Short,58862,0.00178,104.77435999999999,0.015716,-0.015716
6/29/2026 - 22:28:47,BTC,Open Short,58862,0.00015,8.8293,0.001324,-0.001324
6/29/2026 - 22:30:06,BTC,Close Short,58969,0.00192,113.22048000000001,0.050949,-0.25638900000000003
6/29/2026 - 22:34:27,BTC,Close Short,58969,0.00001,0.58969,0.000265,-0.001335
6/29/2026 - 23:11:04,BTC,Open Short,58895.7776796231,0.03396,2000.1006100000002,0.900041,-0.900041
6/29/2026 - 23:25:02,BTC,Close Short,58837,0.01662,977.87094,0.14668,0.8289139999999999
6/29/2026 - 23:30:31,BTC,Close Short,58935,0.01734,1021.9329,0.459869,-1.141331
6/29/2026 - 23:40:03,BTC,Open Long,58935,0.03396,2001.4325999999999,0.900644,-0.900644
6/30/2026 - 00:02:14,BTC,Close Long,58994,0.00023,13.568620000000001,0.002035,0.011535
6/30/2026 - 00:02:14,BTC,Close Long,58994,0.00001,0.58994,0.000088,0.0005020000000000001
6/30/2026 - 00:02:18,BTC,Close Long,58994,0.00001,0.58994,0.000088,0.0005020000000000001
6/30/2026 - 00:03:16,BTC,Close Long,58994,0.01155,681.3806999999999,0.102206,0.579244
6/30/2026 - 00:03:27,BTC,Close Long,58994,0.00518,305.58892,0.045838,0.259782
6/30/2026 - 00:03:31,BTC,Close Long,59113.009771987,0.00307,181.4769400000001,0.081663,0.46482700000000005
6/30/2026 - 00:03:31,BTC,Close Long,59053,0.01391,821.42723,0.123214,1.5181660000000001
6/30/2026 - 00:05:15,BTC,Open Short,59811,0.00017,10.16787,0.001525,-0.001525
6/30/2026 - 00:05:25,BTC,Open Short,59811,0.01672,1000.0399199999999,0.150004,-0.150004
6/30/2026 - 00:05:48,BTC,Open Short,59811,0.009,538.299,0.080744,-0.080744
6/30/2026 - 00:05:57,BTC,Open Short,59811,0.00456,272.73816,0.04091,-0.04091
6/30/2026 - 00:06:00,BTC,Open Short,59811,0.001,59.811,0.008971,-0.008971
6/30/2026 - 00:07:09,BTC,Close Short,59751,0.00017,10.157670000000001,0.001523,0.008677
6/30/2026 - 00:07:22,BTC,Close Short,59751,0.01332,795.88332,0.119382,0.679818
6/30/2026 - 00:07:23,BTC,Close Short,59751,0.00223,133.24473,0.019986,0.113814
6/30/2026 - 00:08:02,BTC,Close Short,59824.8722186904,0.01573,941.04524,0.423468,-0.641678
6/30/2026 - 00:08:09,BTC,Open Short,59776,0.00142,84.88192000000001,0.038196,-0.038196
6/30/2026 - 00:08:10,BTC,Open Short,59743,0.00224,133.82432,0.020073,-0.020073
6/30/2026 - 00:10:44,BTC,Close Short,59696,0.00183,109.24368,0.016386,0.093048
6/30/2026 - 00:10:50,BTC,Close Short,59802,0.00183,109.43766000000001,0.049246,-0.133792
6/30/2026 - 00:11:02,BTC,Open Short,59748.345276873,0.00614,366.8548400000002,0.165082,-0.165082
6/30/2026 - 00:11:39,BTC,Close Short,59412,0.00307,182.39484,0.082077,0.950364
6/30/2026 - 00:11:43,BTC,Close Short,59412,0.00307,182.39484,0.082077,0.950364
6/30/2026 - 00:57:02,BTC,Open Long,59583.6889153754,0.03356,1999.6285999999984,0.899832,-0.899832
6/30/2026 - 00:58:18,BTC,Close Long,59643,0.01678,1000.80954,0.150121,0.846611
6/30/2026 - 00:59:51,BTC,Close Long,59703,0.00228,136.12284,0.020418,0.251814
6/30/2026 - 01:00:00,BTC,Close Long,59703,0.001,59.703,0.008955,0.110445
6/30/2026 - 01:00:03,BTC,Close Long,59703,0.00403,240.60308999999998,0.03609,0.445092
6/30/2026 - 01:00:38,BTC,Close Long,59703,0.00285,170.15355,0.025523,0.31476699999999996
6/30/2026 - 01:00:47,BTC,Close Long,59703,0.00017,10.149510000000001,0.001522,0.018776
6/30/2026 - 01:06:04,BTC,Close Long,59415.3317829457,0.00645,383.22888999999975,0.17245,-1.25778
6/30/2026 - 01:07:02,BTC,Open Long,59410,0.01683,999.8703,0.449941,-0.449941
6/30/2026 - 01:15:25,BTC,Close Long,59290,0.01683,997.8507000000001,0.449032,-2.468632
6/30/2026 - 01:38:04,BTC,Open Short,59153.8668044891,0.03386,2002.9499300000011,0.901324,-0.901324
6/30/2026 - 01:38:15,BTC,Close Short,59211.9556999409,0.03386,2004.916819999999,0.902212,-2.871364
6/30/2026 - 02:52:59,BTC,Open Long,59630,0.00074,44.1262,0.006618,-0.006618
6/30/2026 - 02:53:59,BTC,Close Long,59690,0.00029,17.3101,0.002596,0.014804
6/30/2026 - 02:54:00,BTC,Close Long,59690,0.00008,4.775200000000001,0.000716,0.004084
6/30/2026 - 03:11:45,BTC,Close Long,59749,0.00037,22.107129999999998,0.003316,0.040714
6/30/2026 - 03:19:02,BTC,Open Long,59672,0.00002,1.19344,0.000537,-0.000537
6/30/2026 - 03:19:47,BTC,Open Long,59674,0.00225,134.26649999999998,0.020139,-0.020139
6/30/2026 - 03:22:00,BTC,Close Long,59734,0.001,59.734,0.00896,0.051140000000000005
6/30/2026 - 03:23:07,BTC,Close Long,59734,0.00013,7.765419999999999,0.001164,0.006649
6/30/2026 - 03:50:12,BTC,Close Long,59690,0.00114,68.0466,0.03062,-0.012266000000000003
6/30/2026 - 04:25:11,BTC,Open Long,59562,0.00017,10.12554,0.001518,-0.001518
6/30/2026 - 06:12:47,BTC,Close Long,59967,0.00017,10.19439,0.004587,0.064263
6/30/2026 - 06:13:03,BTC,Open Short,59956.3445277362,0.03335,1999.5440900000021,0.89979,-0.89979
6/30/2026 - 06:14:16,BTC,Close Short,59939,0.03335,1998.9656499999999,0.899534,-0.32257899999999995
7/1/2026 - 13:10:31,BTC,Open Long,59071,0.01289,761.42519,0.114213,-0.114213
7/1/2026 - 13:10:55,BTC,Open Long,59071,0.0003,17.7213,0.002658,-0.002658
7/1/2026 - 13:13:46,BTC,Close Long,59006,0.01319,778.28914,0.350229,-1.207579
7/1/2026 - 13:38:03,BTC,Open Long,58752.4974093264,0.02509,1474.1001599999995,0.663344,-0.663344
7/1/2026 - 13:38:07,BTC,Open Long,58755,0.00894,525.2697000000001,0.07879,-0.07879
7/1/2026 - 14:07:04,BTC,Close Long,58765.3423449897,0.03403,1999.7845999999995,0.899902,-0.483295
7/1/2026 - 14:19:20,BTC,Open Short,58979,0.00056,33.02824,0.004954,-0.004954
7/1/2026 - 14:19:23,BTC,Open Short,58979,0.00007,4.12853,0.000619,-0.000619
7/1/2026 - 14:19:27,BTC,Open Short,58979,0.00006,3.53874,0.00053,-0.00053
7/1/2026 - 14:20:13,BTC,Close Short,58809,0.00034,19.995060000000002,0.008997,0.048803
7/1/2026 - 14:26:03,ETH,Open Short,1582.5,0.0087,13.76775,0.002065,-0.002065
7/1/2026 - 14:33:33,BTC,Close Short,58802,0.00035,20.5807,0.003087,0.058863
7/1/2026 - 14:38:33,ETH,Close Short,1583.1,0.0087,13.772969999999999,0.006197,-0.011417
7/1/2026 - 15:02:07,ETH,Open Long,1580,0.0235,37.13,0.005569,-0.005569
7/1/2026 - 15:02:11,ETH,Open Long,1580,0.0158,24.964000000000002,0.003744,-0.003744
7/1/2026 - 15:02:11,ETH,Open Long,1580,0.0158,24.964000000000002,0.003744,-0.003744
7/1/2026 - 15:02:23,ETH,Open Long,1580,0.013,20.54,0.00308,-0.00308
7/1/2026 - 15:02:23,ETH,Open Long,1580,0.013,20.54,0.00308,-0.00308
7/1/2026 - 15:23:37,ETH,Close Long,1574.279161529,0.0811,127.67404000000191,0.057451,-0.521411
7/1/2026 - 15:58:03,ETH,Open Short,1581.6,0.03,47.44799999999999,0.007116,-0.007116
7/1/2026 - 15:58:05,BTC,Open Short,59012,0.00255,150.4806,0.022572,-0.022572
7/1/2026 - 15:58:07,ETH,Open Short,1581.6,0.9184,1452.54144,0.217881,-0.217881
7/1/2026 - 15:58:08,BTC,Open Short,59012,0.00282,166.41384,0.024961,-0.024961
7/1/2026 - 15:58:12,BTC,Open Short,59012,0.00326,192.37912,0.028856,-0.028856
7/1/2026 - 15:58:12,BTC,Open Short,59012,0.00328,193.55936,0.029033,-0.029033
7/1/2026 - 15:58:16,BTC,Open Short,59012,0.0046,271.4552,0.040718,-0.040718
7/1/2026 - 15:58:16,BTC,Open Short,59012,0.00043,25.37516,0.003806,-0.003806
7/1/2026 - 16:06:59,ETH,Close Short,1586.7432517925,0.9484,1504.867300000007,0.677188,-5.555048
7/1/2026 - 16:07:26,ETH,Open Short,1587.3,0.0157,24.920609999999996,0.003738,-0.003738
7/1/2026 - 16:08:09,ETH,Close Short,1586,0.0157,24.900199999999998,0.011205,0.009205000000000001
7/1/2026 - 16:08:22,BTC,Close Short,59092.3778040142,0.01694,1001.0248800000005,0.450459,-1.8120589999999999
7/1/2026 - 16:36:15,BTC,Open Short,59142,0.00005,2.9571,0.000443,-0.000443
7/1/2026 - 16:36:24,BTC,Open Short,59142,0.01685,996.5427,0.149481,-0.149481
7/1/2026 - 16:37:58,BTC,Close Short,59053,0.00101,59.643530000000005,0.008946,0.080944
7/1/2026 - 16:38:14,BTC,Close Short,59053,0.00354,209.04762000000002,0.031357,0.283703
7/1/2026 - 16:38:42,BTC,Close Short,59053,0.0039,230.30669999999998,0.034546,0.312554
7/1/2026 - 16:39:22,BTC,Close Short,58965,0.00845,498.25424999999996,0.074738,1.420912
7/1/2026 - 17:11:36,ETH,Open Long,1581.1,0.4231,668.96341,0.100344,-0.100344
7/1/2026 - 17:11:37,ETH,Open Long,1581.1,0.5256,831.0261599999999,0.124653,-0.124653
7/1/2026 - 17:15:08,ETH,Close Long,1577,0.9486,1495.9422,0.673173,-4.562433
7/1/2026 - 17:42:06,BTC,Open Short,58966,0.01419,836.72754,0.125509,-0.125509
7/1/2026 - 17:42:11,BTC,Open Short,58966,0.01395,822.5757,0.123386,-0.123386
7/1/2026 - 17:42:17,BTC,Open Short,58966,0.00577,340.23382,0.051035,-0.051035
7/1/2026 - 17:44:25,BTC,Close Short,58893,0.00195,114.84134999999999,0.017226,0.125124
7/1/2026 - 17:44:25,BTC,Close Short,58893,0.00072,42.40296,0.00636,0.046200000000000005
7/1/2026 - 17:44:31,BTC,Close Short,58893,0.01007,593.0525100000001,0.088957,0.6461530000000001
7/1/2026 - 17:44:37,BTC,Close Short,58893,0.00421,247.93953000000002,0.03719,0.27014
7/1/2026 - 17:44:43,BTC,Close Short,58820,0.00756,444.6792,0.066701,1.0370590000000002
7/1/2026 - 17:44:49,BTC,Close Short,58820,0.00917,539.3793999999999,0.080906,1.257914
7/1/2026 - 17:44:54,BTC,Close Short,58820,0.00023,13.5286,0.002029,0.031550999999999996
7/1/2026 - 17:45:06,BTC,Open Long,58835.5662154208,0.01699,999.6162699999994,0.449827,-0.449827
7/1/2026 - 17:54:48,BTC,Close Long,58667.0400235433,0.01699,996.7530100000007,0.448538,-3.310673
7/1/2026 - 20:16:37,ETH,Close Long,1575.5,0.0001,0.15755,0.00007,-0.0006299999999999999
7/1/2026 - 20:50:56,BTC,Open Short,59352.4399218496,0.03071,1822.7134300000012,0.820219,-0.820219
7/1/2026 - 20:50:57,BTC,Open Short,59335,0.00299,177.41165,0.026611,-0.026611
7/1/2026 - 20:59:55,BTC,Close Short,59477.0897875257,0.01459,867.77074,0.390494,-2.233062
7/1/2026 - 21:10:32,BTC,Close Short,59697.5667189953,0.01911,1140.8205,0.513367,-7.140079
7/1/2026 - 21:14:11,BTC,Open Short,59946,0.01108,664.20168,0.09963,-0.09963
7/1/2026 - 21:14:11,BTC,Open Short,59946,0.01337,801.47802,0.120221,-0.120221
7/1/2026 - 21:14:21,BTC,Open Short,59946,0.00382,228.99372,0.034349,-0.034349
7/1/2026 - 21:14:21,BTC,Open Short,59946,0.00385,230.7921,0.034618,-0.034618
7/1/2026 - 21:14:25,BTC,Open Short,59946,0.00124,74.33304,0.011149,-0.011149
7/1/2026 - 21:19:49,BTC,Close Short,60100,0.03336,2004.9360000000001,0.902221,-6.039661
7/1/2026 - 21:21:22,BTC,Open Short,60098,0.00083,49.88134,0.007482,-0.007482
7/1/2026 - 21:21:40,BTC,Open Short,60098,0.0034,204.33319999999998,0.030649,-0.030649
7/1/2026 - 21:21:54,BTC,Open Short,60098,0.001,60.098,0.009014,-0.009014
7/1/2026 - 21:22:15,BTC,Open Short,60098,0.0017,102.16659999999999,0.015324,-0.015324
7/1/2026 - 21:29:27,BTC,Close Short,60008,0.00346,207.62768,0.031144,0.280256
7/1/2026 - 21:32:25,BTC,Close Short,59834,0.00347,207.62398,0.09343,0.822303
7/1/2026 - 21:33:27,BTC,Open Long,59838,0.012,718.056,0.107708,-0.107708
7/1/2026 - 21:33:45,BTC,Open Long,59838,0.02142,1281.7299600000001,0.192258,-0.192258
7/1/2026 - 21:34:17,BTC,Close Long,59750,0.03342,1996.8449999999998,0.89858,-3.83954
7/1/2026 - 21:48:07,BTC,Open Short,59679,0.03351,1999.8432899999998,0.299976,-0.299976
7/1/2026 - 21:49:19,BTC,Close Short,59829.2309758281,0.03351,2004.8775299999995,0.902189,-5.9364289999999995
7/1/2026 - 22:27:02,BTC,Open Short,61080,0.01637,999.8796,0.449945,-0.449945
7/1/2026 - 22:29:56,BTC,Close Short,60988,0.0009,54.889199999999995,0.008233,0.074567
7/1/2026 - 22:29:59,BTC,Close Short,60988,0.00055,33.543400000000005,0.005031,0.045569
7/1/2026 - 22:30:01,BTC,Close Short,60988,0.00248,151.25024,0.022687,0.20547300000000002
7/1/2026 - 22:30:03,BTC,Close Short,60988,0.00056,34.153279999999995,0.005122,0.046398
7/1/2026 - 22:30:05,BTC,Close Short,60988,0.00171,104.28948,0.015643,0.141677
7/1/2026 - 22:30:33,BTC,Close Short,60988,0.0007,42.6916,0.006403,0.057997
7/1/2026 - 22:30:50,BTC,Close Short,60988,0.00015,9.1482,0.001372,0.012428
7/1/2026 - 22:31:50,BTC,Close Short,60988,0.00113,68.91644,0.010337,0.093623
7/1/2026 - 22:31:56,BTC,Close Short,60585.2393162393,0.00819,496.1931099999998,0.223286,3.828804
7/1/2026 - 22:56:19,BTC,Open Short,60316,0.0029,174.91639999999998,0.078712,-0.078712
7/1/2026 - 22:57:18,BTC,Open Short,60316,0.01367,824.51972,0.123677,-0.123677
7/1/2026 - 23:07:28,BTC,Close Short,60302.5497887749,0.01657,999.2132500000002,0.449644,-0.22677399999999998
7/1/2026 - 23:15:05,BTC,Open Short,60296,0.0014,84.4144,0.037986,-0.037986
7/1/2026 - 23:16:11,BTC,Close Short,60296,0.0014,84.4144,0.037986,-0.037986
7/1/2026 - 23:16:15,BTC,Open Short,60295,0.00219,132.04605,0.059418,-0.059418
7/1/2026 - 23:17:21,BTC,Close Short,60293,0.00219,132.04167,0.059418,-0.055038
7/1/2026 - 23:17:26,BTC,Open Short,60292,0.00164,98.87888,0.044494,-0.044494
7/1/2026 - 23:18:06,BTC,Open Short,60292,0.00024,14.470080000000001,0.00217,-0.00217
7/1/2026 - 23:18:24,BTC,Open Short,60292,0.0147,886.2923999999999,0.132943,-0.132943
7/1/2026 - 23:19:31,BTC,Close Short,60202,0.00829,499.07458,0.074861,0.671239
7/1/2026 - 23:23:50,BTC,Close Short,60111,0.00829,498.32019,0.074748,1.425742
7/1/2026 - 23:24:03,BTC,Open Long,60111,0.00777,467.06247,0.070059,-0.070059
7/1/2026 - 23:24:04,BTC,Open Long,60111,0.01,601.11,0.090166,-0.090166
7/1/2026 - 23:24:05,BTC,Open Long,60111,0.01,601.11,0.090166,-0.090166
7/1/2026 - 23:24:07,BTC,Open Long,60111,0.0055,330.6105,0.049591,-0.049591
7/1/2026 - 23:28:05,BTC,Close Long,60201,0.01663,1001.1426299999999,0.150171,1.3465289999999999
7/1/2026 - 23:28:23,BTC,Close Long,60291,0.01233,743.3880300000001,0.111508,2.1078919999999997
7/1/2026 - 23:34:13,BTC,Close Long,60168,0.00431,259.32408,0.116695,0.128975
7/2/2026 - 00:17:46,SOL,Open Long,77.229,0.21,16.21809,0.002432,-0.002432
7/2/2026 - 00:18:01,SOL,Open Long,77.229,12.73,983.12517,0.147468,-0.147468
7/2/2026 - 00:19:21,SOL,Close Long,77.368,0.99,76.59432,0.011489,0.126121
7/2/2026 - 00:19:25,SOL,Close Long,77.368,5.48,423.97664000000003,0.063596,0.698124
7/2/2026 - 00:20:20,SOL,Close Long,77.492,6.47,501.37324,0.075205,1.626405
7/2/2026 - 00:36:47,SOL,Open Long,77.709,6.43,499.66887,0.07495,-0.07495
7/2/2026 - 00:37:18,SOL,Close Long,77.849,0.14,10.89886,0.001634,0.017966
7/2/2026 - 00:41:57,SOL,Close Long,77.671,6.29,488.55059000000006,0.219847,-0.458867
7/2/2026 - 00:54:08,BTC,Open Long,60241,0.00049,29.518089999999997,0.004427,-0.004427
7/2/2026 - 00:54:31,BTC,Close Long,60242,0.00049,29.51858,0.013283,-0.012792999999999999
7/2/2026 - 00:54:45,SOL,Open Long,77.808,12.85,999.8328,0.149974,-0.149974
7/2/2026 - 00:59:53,SOL,Close Long,77.7358817121,12.85,998.906080000485,0.449506,-1.375567
7/2/2026 - 01:01:02,ETH,Open Long,1625.6,0.0209,33.97503999999999,0.005096,-0.005096
7/2/2026 - 01:01:03,ETH,Open Long,1625.6,0.0204,33.16224,0.004974,-0.004974
7/2/2026 - 01:01:07,BTC,Open Long,60232,0.00249,149.97768,0.022496,-0.022496
7/2/2026 - 01:01:34,BTC,Open Long,60232,0.00218,131.30576,0.019695,-0.019695
7/2/2026 - 01:01:34,BTC,Open Long,60232,0.00287,172.86584000000002,0.025929,-0.025929
7/2/2026 - 01:01:38,BTC,Open Long,60232,0.00854,514.3812800000001,0.077157,-0.077157
7/2/2026 - 01:01:50,ETH,Close Long,1625.3,0.0413,67.12489000000001,0.030206,-0.042596
7/2/2026 - 01:02:04,ETH,Open Long,1625.5,0.0362,58.84310000000001,0.008826,-0.008826
7/2/2026 - 01:02:11,ETH,Open Long,1625.5,0.0109,17.71795,0.002657,-0.002657
7/2/2026 - 01:02:38,BNB,Open Long,553.21,0.159,87.96039,0.013194,-0.013194
7/2/2026 - 01:02:38,BNB,Open Long,553.21,0.159,87.96039,0.013194,-0.013194
7/2/2026 - 01:02:42,BNB,Open Long,553.21,0.422,233.45462,0.035018,-0.035018
7/2/2026 - 01:02:42,BNB,Open Long,553.21,0.369,204.13449,0.03062,-0.03062
7/2/2026 - 01:02:46,BNB,Open Long,553.21,0.065,35.958650000000006,0.005393,-0.005393
7/2/2026 - 01:02:54,ETH,Open Long,1625.5,0.0205,33.32275,0.004998,-0.004998
7/2/2026 - 01:03:08,ETH,Close Long,1625.3,0.0676,109.87027999999998,0.049441,-0.062961
7/2/2026 - 01:06:18,ETH,Open Long,1626.2,0.0922,149.93564,0.02249,-0.02249
7/2/2026 - 01:06:39,ETH,Open Long,1626.2,0.8301,1349.90862,0.202486,-0.202486
7/2/2026 - 01:06:56,ETH,Close Long,1624.6673208284,0.9223,1498.4306700000334,0.674278,-2.087868
7/2/2026 - 01:06:58,BNB,Close Long,552.2231601363,1.174,648.3099900000161,0.291739,-1.450289
7/2/2026 - 01:07:53,BTC,Close Long,60134.0690298507,0.01608,966.9558299999993,0.435128,-2.009858
7/2/2026 - 01:08:11,SOL,Open Long,77.698,12.87,999.9732599999999,0.149995,-0.149995
7/2/2026 - 01:11:05,SOL,Close Long,77.531,12.87,997.82397,0.44902,-2.59831
7/2/2026 - 01:17:56,BNB,Open Long,552.71,0.758,418.95418,0.062842,-0.062842
7/2/2026 - 01:18:00,BNB,Open Long,552.71,0.511,282.43481,0.042364,-0.042364
7/2/2026 - 01:18:04,BNB,Open Long,552.71,0.089,49.19119,0.007378,-0.007378
7/2/2026 - 01:18:12,BNB,Open Long,552.71,0.402,222.18942000000004,0.033328,-0.033328
7/2/2026 - 01:18:16,BNB,Open Long,552.71,0.454,250.93034000000003,0.037639,-0.037639
7/2/2026 - 01:18:20,BNB,Open Long,552.71,0.138,76.27398000000001,0.011441,-0.011441
7/2/2026 - 01:23:33,BNB,Close Long,551.9198469388,2.352,1298.1154800000575,0.58415,-2.44259
7/2/2026 - 01:27:47,SOL,Open Long,77.6,0.5,38.8,0.005819,-0.005819
7/2/2026 - 01:27:48,SOL,Open Long,77.6,0.14,10.864,0.001629,-0.001629
7/2/2026 - 01:27:48,SOL,Open Long,77.6,12.24,949.824,0.142473,-0.142473
7/2/2026 - 01:30:54,SOL,Close Long,77.4232003106,12.88,997.210820000528,0.448743,-2.725923
7/2/2026 - 01:40:55,SOL,Open Long,77.691,2.57,199.66586999999998,0.029949,-0.029949
7/2/2026 - 01:41:53,SOL,Close Long,77.694,2.57,199.67358,0.089853,-0.08214300000000001
7/2/2026 - 01:42:41,SOL,Open Long,77.689,5.55,431.17394999999993,0.064676,-0.064676
7/2/2026 - 01:42:41,SOL,Open Long,77.689,5.79,449.81931,0.067472,-0.067472
7/2/2026 - 01:47:10,SOL,Close Long,77.4409347443,11.34,878.1802000003619,0.395178,-3.208238
7/2/2026 - 01:54:20,BTC,Open Long,60240,0.00506,304.81440000000003,0.045722,-0.045722
7/2/2026 - 01:54:24,BTC,Open Long,60240,0.00567,341.5608,0.051234,-0.051234
7/2/2026 - 01:54:24,BTC,Open Long,60240,0.00595,358.42800000000005,0.053764,-0.053764
7/2/2026 - 01:54:28,BTC,Open Long,60240,0.01501,904.2024,0.13563,-0.13563
7/2/2026 - 01:54:28,BTC,Open Long,60240,0.00151,90.9624,0.013644,-0.013644
7/2/2026 - 01:59:28,BNB,Open Long,551.3,0.051,28.116299999999995,0.004217,-0.004217
7/2/2026 - 01:59:42,BNB,Open Long,551.3,0.029,15.9877,0.002398,-0.002398
7/2/2026 - 02:00:22,BNB,Close Long,551.79,0.08,44.1432,0.019864,0.019336
7/2/2026 - 02:00:35,BTC,Close Long,60240.1180722892,0.0332,1999.9719200000015,0.899985,-0.896065
7/2/2026 - 02:14:21,BNB,Open Long,552.42,0.028,15.467759999999998,0.00232,-0.00232
7/2/2026 - 02:14:37,BNB,Close Long,552.43,0.028,15.468039999999998,0.00696,-0.00668
7/2/2026 - 02:18:47,BNB,Open Long,552.47,1.176,649.70472,0.097455,-0.097455
7/2/2026 - 02:23:55,BNB,Close Long,552.1247619048,1.176,649.2987200000448,0.292182,-0.6981820000000001
7/2/2026 - 02:25:33,ETH,Open Long,1624.8,0.2083,338.44584000000003,0.050766,-0.050766
7/2/2026 - 02:25:33,ETH,Open Long,1624.8,0.2532,411.39935999999994,0.061709,-0.061709
7/2/2026 - 02:25:50,ETH,Close Long,1620.8069989166,0.4615,748.0024300000109,0.336598,-2.179368
7/2/2026 - 02:37:52,ETH,Open Long,1624.5,0.9233,1499.90085,0.224985,-0.224985
7/2/2026 - 02:42:08,ETH,Close Long,1622.4463534362,0.2852,462.72170000000426,0.20822,-0.79392
7/2/2026 - 02:45:52,BTC,Open Long,60251,0.00173,104.23423,0.015634,-0.015634
7/2/2026 - 02:45:56,BTC,Open Long,60251,0.03146,1895.49646,0.284323,-0.284323
7/2/2026 - 02:52:04,BTC,Close Long,60183.3594456161,0.03319,1997.4856999999981,0.898862,-3.143852
7/2/2026 - 02:53:02,ETH,Close Long,1620.9,0.6381,1034.29629,0.465432,-2.7625919999999997
7/2/2026 - 04:07:29,ETH,Open Long,1624.9,0.0118,19.17382,0.002876,-0.002876
7/2/2026 - 04:07:31,ETH,Open Long,1624.9,0.0438,71.17062,0.010675,-0.010675
7/2/2026 - 04:07:43,ETH,Close Long,1624.8787769784,0.0556,90.34325999999903,0.040653,-0.041833
7/2/2026 - 04:11:19,BTC,Open Long,60298,0.00021,12.66258,0.001899,-0.001899
7/2/2026 - 04:11:45,ETH,Open Long,1625.3,0.01,16.253,0.002437,-0.002437
7/2/2026 - 04:11:57,ETH,Open Long,1625.3,0.025,40.6325,0.006094,-0.006094
7/2/2026 - 04:12:03,ETH,Open Long,1625.3,0.0176,28.60528,0.00429,-0.00429
7/2/2026 - 04:12:22,BTC,Close Long,60385,0.00021,12.680850000000001,0.005706,0.012564000000000002
7/2/2026 - 04:12:45,ETH,Close Long,1625.9,0.0526,85.52234,0.038485,-0.006925000000000001
7/2/2026 - 04:15:49,SOL,Open Long,77.837,12.84,999.42708,0.149913,-0.149913
7/2/2026 - 04:20:59,SOL,Close Long,77.7568208723,12.84,998.3975800003319,0.449276,-1.478776
7/2/2026 - 04:22:05,BTC,Open Long,60510,0.00107,64.7457,0.009711,-0.009711
7/2/2026 - 04:22:42,BTC,Close Long,60522,0.00107,64.75854,0.02914,-0.0163
7/2/2026 - 04:23:44,BTC,Open Long,60504,0.00055,33.2772,0.004991,-0.004991
7/2/2026 - 04:23:49,BTC,Open Long,60504,0.01597,966.2488800000001,0.144937,-0.144937
7/2/2026 - 04:25:05,BTC,Close Long,60436.1089588378,0.01652,998.4045200000005,0.44928,-1.57084
7/2/2026 - 04:36:27,SOL,Open Long,78.299,0.5,39.1495,0.005871,-0.005871
7/2/2026 - 04:36:35,SOL,Open Long,78.299,0.15,11.744850000000001,0.001761,-0.001761
7/2/2026 - 04:36:46,SOL,Open Long,78.299,3.61,282.65939000000003,0.042398,-0.042398
7/2/2026 - 04:36:48,SOL,Open Long,78.299,2.12,165.99388000000002,0.024899,-0.024899
7/2/2026 - 04:41:58,SOL,Close Long,78.2709122257,6.38,499.368419999966,0.224714,-0.403914
7/2/2026 - 04:56:29,SOL,Open Long,78.49,0.52,40.8148,0.006122,-0.006122
7/2/2026 - 04:56:46,SOL,Open Long,78.49,5.44,426.9856,0.064046,-0.064046
7/2/2026 - 05:02:18,SOL,Close Long,78.328,5.96,466.83488,0.210075,-1.175595
7/2/2026 - 05:03:59,ETH,Open Long,1635.2,0.0075,12.264,0.001839,-0.001839
7/2/2026 - 05:04:08,ETH,Open Long,1635.2,0.3778,617.7785600000001,0.092666,-0.092666
7/2/2026 - 05:04:13,ETH,Open Long,1635.2,0.0218,35.64736,0.005347,-0.005347
7/2/2026 - 05:04:14,ETH,Open Long,1635.2,0.0067,10.95584,0.001643,-0.001643
7/2/2026 - 05:06:14,BTC,Open Long,60801,0.0046,279.6846,0.041952,-0.041952
7/2/2026 - 05:06:32,BTC,Open Long,60801,0.00547,332.58147,0.049887,-0.049887
7/2/2026 - 05:10:29,ETH,Close Long,1634.8,0.4138,676.48024,0.304416,-0.469936
7/2/2026 - 05:12:02,SOL,Open Long,78.313,9.74,762.76862,0.114415,-0.114415
7/2/2026 - 05:12:06,SOL,Open Long,78.313,3.02,236.50526000000002,0.035475,-0.035475
7/2/2026 - 05:12:59,BTC,Close Long,60822.4349553128,0.01007,612.48192,0.275616,-0.05976600000000004
7/2/2026 - 05:17:17,SOL,Close Long,78.2787554859,12.76,998.8369200000841,0.449476,-0.886436
7/2/2026 - 05:21:24,BTC,Open Long,60804,0.03289,1999.8435600000003,0.299976,-0.299976
7/2/2026 - 05:21:38,BTC,Close Long,60865,0.01644,1000.6206,0.150093,0.8527469999999999
7/2/2026 - 05:21:45,BTC,Close Long,60926,0.00637,388.09862,0.058214,0.7189260000000001
7/2/2026 - 05:21:47,BTC,Close Long,60926,0.0078,475.2228,0.071283,0.880317
7/2/2026 - 05:21:49,BTC,Close Long,60926,0.00228,138.91128,0.020836,0.257324
7/2/2026 - 05:25:40,BTC,Open Long,60988,0.01639,999.59332,0.149938,-0.149938
7/2/2026 - 07:32:02,BTC,Close Long,59768.9151921904,0.01639,979.6125200000005,0.440825,-20.421625
7/2/2026 - 08:31:08,BTC,Open Short,60173,0.03323,1999.54879,0.299932,-0.299932
7/2/2026 - 08:40:43,BTC,Close Short,60333.8119169425,0.03323,2004.8925699999993,0.902191,-6.245971
7/2/2026 - 09:12:02,BTC,Open Long,60115.0998509687,0.01342,806.7446399999999,0.363034,-0.363034
7/2/2026 - 09:15:09,BTC,Close Long,60200,0.00671,403.942,0.060591,0.5097590000000001
7/2/2026 - 09:16:08,BTC,Close Long,60284,0.00615,370.7466,0.055611,0.983739
7/2/2026 - 09:23:14,BTC,Close Long,60224,0.00056,33.72544,0.015176,0.045863999999999995
7/2/2026 - 09:50:04,BTC,Open Short,60468,0.00292,176.56655999999998,0.079454,-0.079454
7/2/2026 - 09:50:17,BTC,Open Short,60468,0.00017,10.27956,0.001541,-0.001541
7/2/2026 - 09:51:11,BTC,Close Short,60468,0.00309,186.84611999999998,0.08408,-0.08408
7/2/2026 - 10:21:05,BTC,Open Long,60421.7121495327,0.02675,1616.2807999999998,0.727325,-0.727325
7/2/2026 - 10:21:33,BTC,Open Long,60424,0.00634,383.08816,0.057463,-0.057463
7/2/2026 - 10:28:07,BTC,Close Long,60485,0.00143,86.49355,0.012974,0.076973
7/2/2026 - 10:28:08,BTC,Close Long,60485,0.01511,913.92835,0.137089,0.81333
7/2/2026 - 10:28:14,BTC,Close Long,60547,0.00054,32.69538,0.004904,0.062542
7/2/2026 - 10:28:16,BTC,Close Long,60547,0.01601,969.35747,0.145403,1.854246
7/2/2026 - 11:20:50,BTC,Open Short,60951,0.00033,20.11383,0.003017,-0.003017
7/2/2026 - 11:20:51,BTC,Open Short,60951,0.01103,672.28953,0.100843,-0.100843
7/2/2026 - 11:20:55,BTC,Open Short,60951,0.00504,307.19304,0.046078,-0.046078
7/2/2026 - 11:31:04,BTC,Close Short,60870,0.0164,998.268,0.44922,0.8791800000000001
7/2/2026 - 11:32:03,BTC,Open Long,60851,0.00328,199.59127999999998,0.029938,-0.029938
7/2/2026 - 11:32:11,BTC,Open Long,60851,0.02275,1384.36025,0.207654,-0.207654
7/2/2026 - 11:32:12,BTC,Open Long,60851,0.00683,415.61233,0.062341,-0.062341
7/2/2026 - 11:42:18,BTC,Close Long,60817.3265368229,0.03286,1998.4573500000004,0.899304,-2.005814
7/2/2026 - 12:26:45,BTC,Open Long,60868,0.00098,59.650639999999996,0.008947,-0.008947
7/2/2026 - 12:27:29,BTC,Close Long,60867,0.00098,59.64966,0.026842,-0.027822
7/2/2026 - 12:33:45,BTC,Open Long,60843,0.01175,714.90525,0.107235,-0.107235
7/2/2026 - 12:36:02,BTC,Close Long,60934,0.00587,357.68258000000003,0.053652,0.48051800000000006
7/2/2026 - 12:38:24,BTC,Close Long,60843.268707483,0.00588,357.75842000000006,0.160989,-0.159409
7/2/2026 - 12:40:03,BTC,Open Long,60746,0.00018,10.934280000000001,0.00164,-0.00164
7/2/2026 - 12:40:04,BTC,Open Long,60746,0.01127,684.60742,0.102691,-0.102691
7/2/2026 - 12:50:13,BTC,Close Long,60645,0.01145,694.38525,0.312472,-1.468922
7/2/2026 - 14:48:04,BTC,Open Short,60458.2553113553,0.0273,1650.5103699999997,0.742717,-0.742717
7/2/2026 - 14:49:17,BTC,Close Short,60397,0.00008,4.83176,0.000724,0.004172
7/2/2026 - 14:49:21,BTC,Close Short,60397,0.00008,4.83176,0.000724,0.004172
7/2/2026 - 14:49:29,BTC,Close Short,60397,0.00072,43.48584,0.006522,0.037542
7/2/2026 - 14:49:41,BTC,Close Short,60397,0.001,60.397,0.009059,0.052141
7/2/2026 - 14:49:52,BTC,Close Short,60397,0.01177,710.8726899999999,0.10663,0.613694
7/2/2026 - 14:50:02,BTC,Close Short,60336,0.01365,823.5864,0.123537,1.544493
7/2/2026 - 15:01:43,BNB,Open Short,548.69,0.1,54.86900000000001,0.00823,-0.00823
7/2/2026 - 15:02:12,BNB,Close Short,548.76,0.1,54.876000000000005,0.024694,-0.031694
7/2/2026 - 15:05:04,BTC,Open Long,60315.6588330632,0.02468,1488.59046,0.669863,-0.669863
7/2/2026 - 15:07:05,BTC,Close Long,60315.8938411669,0.02468,1488.5962599999991,0.669867,-0.662615
7/2/2026 - 15:18:59,BNB,Open Short,549.3,0.036,19.774799999999995,0.002966,-0.002966
7/2/2026 - 15:19:59,BNB,Close Short,549.25,0.036,19.773,0.008897,-0.007097000000000001
7/2/2026 - 15:25:05,BNB,Open Short,549.0940203353,3.639,1998.1531400001566,0.899167,-0.899167
7/2/2026 - 15:30:10,BNB,Close Short,549.0936795823,3.639,1998.1518999999894,0.899167,-0.898001
7/2/2026 - 15:37:07,BNB,Open Short,549.3607669049,3.638,1998.574470000026,0.899356,-0.899356
7/2/2026 - 15:42:12,BNB,Close Short,549.6665750412,3.638,1999.6869999998853,0.899857,-2.015177